{
  "company_name": "Golden Cell",
  "tagline": "Передовая биофармацевтическая R&D компания",
  "description": "Разработка инновационных терапевтических решений на основе стволовых клеток и экзосом",
  "colors": {
    "primary": "#FFD700",
    "secondary": "#B8860B",
    "accent": "#FFA500",
    "text": "#2C2C2C",
    "background": "#FFFEF7",
    "gradient": "linear-gradient(135deg, #FFD700 0%, #FFA500 100%)"
  },
  "navigation": [
    "О компании",
    "Технологии",
    "Продукция",
    "Исследования",
    "Рынки",
    "Контакты"
  ],
  "sections": {
    "hero": {
      "title": "GOLDEN CELL",
      "subtitle": "Передовая биофармацевтическая R&D компания",
      "description": "Разработка инновационных терапевтических решений на основе стволовых клеток и экзосом для лечения рака, болезни Альцгеймера и других заболеваний"
    },
    "about": {
      "title": "О компании",
      "mission": "Использование собственных технологий для создания доступных высокотехнологичных методов лечения",
      "leadership": {
        "name": "Dr. Chun-hong IM",
        "position": "CEO и Co-директор исследовательского центра",
        "education": "University of Oxford, Pathology",
        "experience": "Опыт работы в ведущих международных исследовательских центрах"
      }
    },
    "technology": {
      "title": "Наши технологии",
      "items": [
        {
          "name": "Культивирование стволовых клеток",
          "description": "Технология массового культивирования стволовых клеток с усиленными регенеративными функциями"
        },
        {
          "name": "Безмембранные стволовые клетки",
          "description": "Инновационная технология получения стволовых клеток без мембраны, содержащих 260 активных пептидов"
        },
        {
          "name": "Выделение экзосом",
          "description": "Собственная технология выделения экзосом с 2-3 кратно усиленными функциями по сравнению с конкурентами"
        }
      ]
    },
    "products": {
      "title": "Продукция",
      "categories": [
        {
          "name": "Противораковые препараты",
          "description": "Разработка препаратов на основе экзосом для лечения онкологических заболеваний",
          "status": "Доклинические испытания"
        },
        {
          "name": "Терапия болезни Альцгеймера",
          "description": "Инновационные методы лечения на основе экзосомной терапии",
          "market": "Рынок $126.1 млрд к 2024 году"
        },
        {
          "name": "Косметические средства",
          "description": "Функциональная косметика на основе стволовых клеток и экзосом",
          "products": [
            "Функциональные ампулы (700,000 ₩)",
            "Экзосомный кожный бустер (150,000 ₩)",
            "Атопическая косметика (99,000 ₩)"
          ]
        }
      ]
    },
    "markets": {
      "title": "Анализ рынка",
      "global_market": {
        "biohealth": "8,800 трлн ₩",
        "automotive": "2,700 трлн ₩",
        "semiconductors": "510 трлн ₩"
      },
      "cancer_market": {
        "2017": "$104 млрд",
        "2020": "$233 млрд",
        "growth": "Самый большой и быстрорастущий рынок"
      }
    }
  }
}